{
  "generator-jhipster": {
    "applicationType": "microservice",
    "authenticationType": "oauth2",
    "baseName": "ms2",
    "buildTool": "maven",
    "cacheProvider": "no",
    "clientFramework": "no",
    "clientTestFrameworks": null,
    "clientTheme": null,
    "creationTimestamp": 1733522668292,
    "databaseType": "sql",
    "devDatabaseType": "h2Disk",
    "enableHibernateCache": null,
    "enableSwaggerCodegen": false,
    "enableTranslation": true,
    "entities": [],
    "feignClient": true,
    "jhipsterVersion": "8.7.3",
    "languages": ["en"],
    "messageBroker": false,
    "microfrontend": null,
    "microfrontends": [],
    "nativeLanguage": "en",
    "packageName": "com.groupeisi.ms2",
    "prodDatabaseType": "mariadb",
    "reactive": false,
    "searchEngine": false,
    "serverPort": "9092",
    "serverSideOptions": [],
    "serviceDiscoveryType": "eureka",
    "skipClient": true,
    "skipUserManagement": true,
    "syncUserWithIdp": true,
    "testFrameworks": [],
    "websocket": false,
    "withAdminUi": null
  }
}
