{
  "generator-jhipster": {
    "applicationType": "gateway",
    "authenticationType": "oauth2",
    "baseName": "gateway",
    "buildTool": "maven",
    "cacheProvider": null,
    "clientFramework": "react",
    "clientTestFrameworks": [],
    "clientTheme": "none",
    "creationTimestamp": 1733522968967,
    "databaseType": "sql",
    "devDatabaseType": "h2Disk",
    "devServerPort": 9060,
    "enableHibernateCache": null,
    "enableSwaggerCodegen": false,
    "enableTranslation": true,
    "entities": [],
    "feignClient": null,
    "jhipsterVersion": "8.7.3",
    "languages": ["en"],
    "messageBroker": false,
    "microfrontend": false,
    "microfrontends": [],
    "nativeLanguage": "en",
    "packageName": "com.groupeisi.gateway",
    "prodDatabaseType": "mariadb",
    "reactive": true,
    "searchEngine": false,
    "serverPort": "9090",
    "serverSideOptions": [],
    "serviceDiscoveryType": "eureka",
    "skipUserManagement": true,
    "syncUserWithIdp": true,
    "testFrameworks": [],
    "websocket": false,
    "withAdminUi": true
  }
}
